# method	Event	MessageType   (mirrors live-rs decode/mapper.rs; anything else is Unknown)
WebcastChatMessage	Chat	WebcastChatMessage
WebcastGiftMessage	Gift	WebcastGiftMessage
WebcastLikeMessage	Like	WebcastLikeMessage
WebcastMemberMessage	Member	WebcastMemberMessage
WebcastSocialMessage	Social	WebcastSocialMessage
WebcastRoomUserSeqMessage	RoomUserSeq	WebcastRoomUserSeqMessage
WebcastControlMessage	Control	WebcastControlMessage
WebcastLiveIntroMessage	LiveIntro	WebcastLiveIntroMessage
WebcastRoomMessage	RoomMessage	WebcastRoomMessage
WebcastCaptionMessage	Caption	WebcastCaptionMessage
WebcastGoalUpdateMessage	GoalUpdate	WebcastGoalUpdateMessage
WebcastImDeleteMessage	ImDelete	WebcastImDeleteMessage
WebcastRankUpdateMessage	RankUpdate	WebcastRankUpdateMessage
WebcastPollMessage	Poll	WebcastPollMessage
WebcastEnvelopeMessage	Envelope	WebcastEnvelopeMessage
WebcastRoomPinMessage	RoomPin	WebcastRoomPinMessage
WebcastUnauthorizedMemberMessage	UnauthorizedMember	WebcastUnauthorizedMemberMessage
WebcastLinkMicMethod	LinkMicMethod	WebcastLinkMicMethod
WebcastLinkMicBattle	LinkMicBattle	WebcastLinkMicBattle
WebcastLinkMicArmies	LinkMicArmies	WebcastLinkMicArmies
WebcastLinkMessage	LinkMessage	WebcastLinkMessage
WebcastLinkLayerMessage	LinkLayer	WebcastLinkLayerMessage
WebcastLinkMicLayoutStateMessage	LinkMicLayoutState	WebcastLinkMicLayoutStateMessage
WebcastGiftPanelUpdateMessage	GiftPanelUpdate	WebcastGiftPanelUpdateMessage
WebcastInRoomBannerMessage	InRoomBanner	WebcastInRoomBannerMessage
WebcastGuideMessage	Guide	WebcastGuideMessage
WebcastEmoteChatMessage	EmoteChat	WebcastEmoteChatMessage
WebcastQuestionNewMessage	QuestionNew	WebcastQuestionNewMessage
WebcastSubNotifyMessage	SubNotify	WebcastSubNotifyMessage
WebcastBarrageMessage	Barrage	WebcastBarrageMessage
WebcastHourlyRankMessage	HourlyRank	WebcastHourlyRankMessage
WebcastMsgDetectMessage	MsgDetect	WebcastMsgDetectMessage
WebcastLinkMicFanTicketMethod	LinkMicFanTicket	WebcastLinkMicFanTicketMethod
WebcastRoomVerifyMessage	RoomVerify	WebcastRoomVerifyMessage
RoomVerifyMessage	RoomVerify	WebcastRoomVerifyMessage
WebcastOecLiveShoppingMessage	OecLiveShopping	WebcastOecLiveShoppingMessage
WebcastGiftBroadcastMessage	GiftBroadcast	WebcastGiftBroadcastMessage
WebcastRankTextMessage	RankText	WebcastRankTextMessage
WebcastGiftDynamicRestrictionMessage	GiftDynamicRestriction	WebcastGiftDynamicRestrictionMessage
WebcastViewerPicksUpdateMessage	ViewerPicksUpdate	WebcastViewerPicksUpdateMessage
WebcastSystemMessage	SystemMessage	WebcastSystemMessage
WebcastLiveGameIntroMessage	LiveGameIntro	WebcastLiveGameIntroMessage
WebcastAccessControlMessage	AccessControl	WebcastAccessControlMessage
WebcastAccessRecallMessage	AccessRecall	WebcastAccessRecallMessage
WebcastAlertBoxAuditResultMessage	AlertBoxAuditResult	WebcastAlertBoxAuditResultMessage
WebcastBindingGiftMessage	BindingGift	WebcastBindingGiftMessage
WebcastBoostCardMessage	BoostCard	WebcastBoostCardMessage
WebcastBottomMessage	BottomMessage	WebcastBottomMessage
WebcastGameRankNotifyMessage	GameRankNotify	WebcastGameRankNotifyMessage
WebcastGiftPromptMessage	GiftPrompt	WebcastGiftPromptMessage
WebcastLinkStateMessage	LinkState	WebcastLinkStateMessage
WebcastLinkMicBattlePunishFinish	LinkMicBattlePunishFinish	WebcastLinkMicBattlePunishFinish
WebcastLinkmicBattleTaskMessage	LinkmicBattleTask	WebcastLinkmicBattleTaskMessage
WebcastMarqueeAnnouncementMessage	MarqueeAnnouncement	WebcastMarqueeAnnouncementMessage
WebcastNoticeMessage	Notice	WebcastNoticeMessage
WebcastNotifyMessage	Notify	WebcastNotifyMessage
WebcastPartnershipDropsUpdateMessage	PartnershipDropsUpdate	WebcastPartnershipDropsUpdateMessage
WebcastPartnershipGameOfflineMessage	PartnershipGameOffline	WebcastPartnershipGameOfflineMessage
WebcastPartnershipPunishMessage	PartnershipPunish	WebcastPartnershipPunishMessage
WebcastPerceptionMessage	Perception	WebcastPerceptionMessage
WebcastSpeakerMessage	Speaker	WebcastSpeakerMessage
WebcastSubCapsuleMessage	SubCapsule	WebcastSubCapsuleMessage
WebcastSubPinEventMessage	SubPinEvent	WebcastSubPinEventMessage
WebcastSubscriptionNotifyMessage	SubscriptionNotify	WebcastSubscriptionNotifyMessage
WebcastToastMessage	Toast	WebcastToastMessage
